#,IMAGE FILENAME,AUTHOR,CAPTION
1,0_Blank_diag3.jpg,NC Duke,Diagnostic feature
2,0_Blank_flower3.jpg,NC Duke,Flower features
3,0_Blank_flowering3.jpg,NC Duke,Months of flowering and fruiting by Latitude
4,0_Blank_fruit3.jpg,NC Duke,Fruit or propagule
5,0_Blank_leaves3.jpg,NC Duke,Leaf characteristics and shape
6,0_Blank_tree3.jpg,NC Duke,Tree form
7,Ac_ebr_AusNRM1.jpg,NC Duke,Distribution in Australia
8,Ac_ebr_bark1.jpg,NC Duke,Bark characteristics
9,Ac_ebr_diag360.JPG,NC Duke,Diagnostic feature
10,Ac_ebr_distrib1.jpg,NC Duke,Distribution in the world
11,Ac_ebr_estuar1.jpg,Diana Kleine,Estuarine occurrence
12,Ac_ebr_flower 2.jpg,NC Duke,Flowers: side view
13,Ac_ebr_flower3.jpg,NC Duke,Flowers: top view
14,Ac_ebr_fruit1.jpg,NC Duke,Fruit or Propagule: seed capsule
15,Ac_ebr_leaves1.jpg,NC Duke,Leaf characteristics and shape
16,AC_ebr_leaves11.jpg,NC Duke,Leaf characteristics and shape
17,Ac_ebr_phen1.jpg,NC Duke,Months of flowering and fruiting by Latitude
18,Ac_ebr_siloA.jpg,Deirdre Bean,Silohuette of growth habit
19,Ac_ebr_tree1.jpg,NC Duke,Tree form
20,Ac_ebr_zone1.jpg,Diana Kleine,Intertidal zone position
21,Ac_ebr-eba_bark1.jpg,NC Duke,Bark characteristics
22,Ac_ebr-eba_diag1.jpg,NC Duke,Diagnostic feature
23,Ac_ebr-eba_distribW2.jpg,NC Duke,Distribution in the world
24,Ac_ebr-eba_estuar1.jpg,Diana Kleine,Estuarine occurrence
25,Ac_ebr-eba_flower2.jpg,NC Duke,Flowers: side view
26,Ac_ebr-eba_flower4.jpg,NC Duke,Flowers: top view
27,Ac_ebr-eba_flower7.JPG,NC Duke,Flower features
28,Ac_ebr-eba_fruit1.jpg,NC Duke,Fruit or Propagule: seed capsule
29,Ac_ebr-eba_fruit4.JPG,NC Duke,Leaf characteristics and shape
30,Ac_ebr-eba_leaves1.jpg,NC Duke,Leaf characteristics and shape
31,Ac_ebr-eba_phen1.jpg,NC Duke,Months of flowering and fruiting by Latitude
32,Ac_ebr-eba_siloB.jpg,Deirdre Bean,Silohuette of growth habit
33,Ac_ebr-eba_tree2.jpg,NC Duke,Tree form
34,Ac_ebr-eba_zone1.jpg,Diana Kleine,Intertidal zone position
35,Ac_ebr-ebr_bark1.jpg,NC Duke,Bark characteristics
36,Ac_ebr-ebr_diag1.JPG,NC Duke,Diagnostic feature
37,Ac_ebr-ebr_distribW2.jpg,NC Duke,Distribution in the world
38,Ac_ebr-ebr_estuar1.jpg,Diana Kleine,Estuarine occurrence
39,Ac_ebr-ebr_flower4.jpg,NC Duke,Flowers: side view
40,Ac_ebr-ebr_flower7.JPG,NC Duke,Flowers: top view
41,Ac_ebr-ebr_fruit1.jpg,NC Duke,Fruit or Propagule: seed capsule
42,Ac_ebr-ebr_fruit2.jpg,NC Duke,Leaf characteristics and shape
43,Ac_ebr-ebr_leaves1.jpg,NC Duke,Leaf characteristics and shape
44,Ac_ebr-ebr_phen1.jpg,NC Duke,Months of flowering and fruiting by Latitude
45,Ac_ebr-ebr_siloB.jpg,Deirdre Bean,Silohuette of growth habit
46,Ac_ebr-ebr_stembase1 (1).jpg,NC Duke,Stembase characteristics
47,Ac_ebr-ebr_tree2 (1).JPG,NC Duke,Tree form
48,Ac_ebr-ebr_zone1.jpg,Diana Kleine,Intertidal zone position
49,Ac_ili_bark1.jpg,NC Duke,Bark characteristics
50,Ac_ili_diag1.jpg,NC Duke,Diagnostic feature
51,Ac_ili_diag2.jpg,NC Duke,Diagnostic feature
52,Ac_ili_diag3.JPG,NC Duke,Diagnostic feature
53,Ac_ili_distribW2.jpg,NC Duke,Distribution in the world
54,Ac_ili_estuar1.jpg,Diana Kleine,Estuarine occurrence
55,Ac_ili_flower6.JPG,NC Duke,Flowers: side view
56,Ac_ili_flower8.JPG,NC Duke,Flowers: top view
57,Ac_ili_fruit1.jpg,NC Duke,Fruit or Propagule: seed capsule
58,Ac_ili_leaves3.JPG,NC Duke,Leaf characteristics and shape
59,Ac_ili_phen1.jpg,NC Duke,Months of flowering and fruiting by Latitude
60,Ac_ili_siloB.jpg,Deirdre Bean,Silohuette of growth habit
61,Ac_ili_stembase1.jpg,NC Duke,Stembase characteristics
62,Ac_ili_tree7.JPG,NC Duke,Tree form
63,Ac_ili_zone1.jpg,Diana Kleine,Intertidal zone position
64,Ac_vol_distribW2.jpg,NC Duke,Distribution in the world
65,Ac_vol_estuar1.jpg,Diana Kleine,Estuarine occurrence
66,Ac_vol_flower3w.jpg,NC Duke,Flowers: side view
67,Ac_vol_flower6w.jpg,NC Duke,Flowers: top view
68,Ac_vol_fruit1w.jpg,NC Duke,Fruit or Propagule: seed capsule
69,Ac_vol_leaves1w.jpg,NC Duke,Leaf characteristics and shape
70,Ac_vol_siloB.jpg,Deirdre Bean,Silohuette of growth habit
71,Ac_vol_stembase1w.jpg,NC Duke,Stembase characteristics
72,Ac_vol_tree1w.jpg,NC Duke,Tree form
73,Ac_vol_zone1.jpg,Diana Kleine,Intertidal zone position
74,Ae_cor_bark1.JPG,NC Duke,Bark characteristics
75,Ae_cor_distribW2.jpg,NC Duke,Distribution in the world
76,Ae_cor_flowers2.jpg,NC Duke,Flower features
77,Ae_cor_fruit1.jpg,NC Duke,Fruit or propagule
78,Ae_cor_fruit3.JPG,NC Duke,Fruit or propagule
79,Ae_cor_leaves2.jpg,NC Duke,Leaf characteristics and shape
80,Ae_cor_leaves4.JPG,NC Duke,Leaf characteristics and shape
81,Ae_cor_phen1.jpg,NC Duke,Months of flowering and fruiting by Latitude
82,Ae_cor_siloB.jpg,Deirdre Bean,Silohuette of growth habit
83,Ae_cor_tree2.jpg,NC Duke,Tree form
84,Ae_flo_distribW2.jpg,NC Duke,Distribution in the world
85,Ae_flo_flower1w.jpg,NC Duke,Flower features
86,Ae_flo_flower4w.jpg,NC Duke,Flower features
87,Ae_flo_fruit5.JPG,NC Duke,Fruit or propagule
88,Ae_flo_leaves1w.jpg,NC Duke,Leaf characteristics and shape
89,Ae_flo_leaves3w.jpg,NC Duke,Leaf characteristics and shape
90,Ae_flo_leaves5.JPG,NC Duke,Leaf characteristics and shape
91,Ae_flo_phen2.jpg,NC Duke,Months of flowering and fruiting by Latitude
92,Ae_flo_siloB.jpg,Deirdre Bean,Silohuette of growth habit
93,Ae_flo_tree1w.JPG,NC Duke,Tree form
94,Ae_flo_tree3.JPG,NC Duke,Tree form
95,Ag_cuc_distribW2.jpg,NC Duke,Distribution in the world
96,Ag_cuc_flower1w.jpg,NC Duke,Flower features
97,Ag_cuc_fruit1w.jpg,NC Duke,Fruit or propagule
98,Ag_cuc_leaves1w.jpg,NC Duke,Leaf characteristics and shape
99,Ag_cuc_leaves2w.jpg,NC Duke,Leaf characteristics and shape
100,Ag_cuc_leaves6B.jpg,NC Duke,Leaf characteristics and shape
101,Ag_cuc_siloB.jpg,Deirdre Bean,Silohuette of growth habit
102,Ai_ann_bark1.jpg,NC Duke,Bark characteristics
103,Ai_ann_distribW2.jpg,NC Duke,Distribution in the world
104,Ai_ann_flower1.jpg,NC Duke,Flower features
105,Ai_ann_flower2.JPG,NC Duke,Flower features
106,Ai_ann_fruit2.jpg,NC Duke,Fruit or propagule
107,Ai_ann_leaves1.jpg,NC Duke,Leaf characteristics and shape
108,Ai_ann_leaves3.JPG,NC Duke,Leaf characteristics and shape
109,Ai_ann_phen1.jpg,NC Duke,Months of flowering and fruiting by Latitude
110,Ai_ann_siloB.jpg,Deirdre Bean,Silohuette of growth habit
111,Ai_ann_stembase1.jpg,NC Duke,Stembase characteristics
112,Ai_ann_tree2.jpg,NC Duke,Tree form
113,Ai_rot_distribW2.jpg,NC Duke,Distribution in the world
114,Ai_rot_flowers1w.jpg,NC Duke,Flower features
115,Ai_rot_fruit1w.jpg,NC Duke,Fruit or propagule
116,Ai_rot_leaves1w.jpg,NC Duke,Leaf characteristics and shape
117,Ai_rot_leaves2w.jpg,NC Duke,Leaf characteristics and shape
118,Ai_rot_phen2.jpg,NC Duke,Months of flowering and fruiting by Latitude
119,Ai_rot_siloB.jpg,Deirdre Bean,Silohuette of growth habit
120,Ai_rot_tree1w.jpg,NC Duke,Tree form
121,Ai_rot_tree6B.jpg,NC Duke,Tree form
122,Am_lat_bark1w.jpg,NC Duke,Bark characteristics
123,Am_lat_distribW2.jpg,NC Duke,Distribution in the world
124,Am_lat_flowers1w.jpg,NC Duke,Flower features
125,Am_lat_flowers5w.JPG,NC Duke,Flower features
126,Am_lat_fruit3w.jpg,NC Duke,Fruit or propagule
127,Am_lat_leaves4w.jpg,NC Duke,Leaf characteristics and shape
128,Am_lat_siloB.jpg,Deirdre Bean,Silohuette of growth habit
129,Am_lat_stembase1w.jpg,NC Duke,Stembase characteristics
130,Am_lat_tree1w.jpg,NC Duke,Tree form
131,An_gla_bark2.JPG,NC Duke,Bark characteristics
132,An_gla_distribW2.jpg,NC Duke,Distribution in the world
133,An_gla_flower6A.jpg,NC Duke,Flower features
134,An_gla_fruit3.JPG,NC Duke,Fruit or propagule
135,An_gla_leaves1.JPG,NC Duke,Leaf characteristics and shape
136,An_gla_siloB.jpg,Deirdre Bean,Silohuette of growth habit
137,An_gla_stembase3.JPG,NC Duke,Stembase characteristics
138,An_gla_tree6B.jpg,NC Duke,Tree form
139,Ar_aur_diag4.JPG,NC Duke,Diagnostic feature
140,Ar_aur_distribW2.jpg,NC Duke,Distribution in the world
141,Ar_aur_fruit2.JPG,NC Duke,Fruit or propagule
142,Ar_aur_fruit6.JPG,NC Duke,Fruit or propagule
143,Ar_aur_leaves1.JPG,NC Duke,Leaf characteristics and shape
144,Ar_aur_leaves2.JPG,NC Duke,Leaf characteristics and shape
145,Ar_aur_leaves5.JPG,NC Duke,Leaf characteristics and shape
146,Ar_aur_phen1.jpg,NC Duke,Months of flowering and fruiting by Latitude
147,Ar_aur_siloCB.jpg,Deirdre Bean,Silohuette of growth habit
148,Ar_aur_stembase1.JPG,NC Duke,Stembase characteristics
149,Ar_aur_tree3.JPG,NC Duke,Tree form
150,Ar_dan_distribW2.jpg,NC Duke,Distribution in the world
151,Ar_dan_fruit1.JPG,NC Duke,Fruit or propagule
152,Ar_dan_fruitCB.jpg,NC Duke,Fruit or propagule
153,Ar_dan_leaves1.JPG,NC Duke,Leaf characteristics and shape
154,Ar_dan_tree1.JPG,NC Duke,Tree form
155,Ar_dan_tree2.JPG,NC Duke,Tree form
156,Ar_dan_tree3.JPG,NC Duke,Tree form
157,Ar_dan_tree4.JPG,NC Duke,Tree form
158,Ar_spe_distribW2.jpg,NC Duke,Distribution in the world
159,Ar_spe_fruit4.jpg,NC Duke,Fruit or propagule
160,Ar_spe_fruit5.JPG,NC Duke,Fruit or propagule
161,Ar_spe_fruit7.jpg,NC Duke,Fruit or propagule
162,Ar_spe_leaves1.jpg,NC Duke,Leaf characteristics and shape
163,Ar_spe_leaves2.jpg,NC Duke,Leaf characteristics and shape
164,Ar_spe_phen1.jpg,NC Duke,Months of flowering and fruiting by Latitude
165,Ar_spe_siloCB.jpg,Deirdre Bean,Silohuette of growth habit
166,Ar_spe_tree2.jpg,NC Duke,Tree form
167,Ar_spe_tree4.JPG,NC Duke,Tree form
168,Ar_spe_tree7.JPG,NC Duke,Tree form
169,Av_alb_bark1.JPG,NC Duke,Bark characteristics
170,Av_alb_diag1.JPG,NC Duke,Diagnostic feature
171,Av_alb_distribW2.jpg,NC Duke,Distribution in the world
172,Av_alb_flower2.JPG,NC Duke,Flower features
173,Av_alb_fruit1.JPG,NC Duke,Fruit or propagule
174,Av_alb_leaves2.JPG,NC Duke,Leaf characteristics and shape
175,Av_alb_phen2.jpg,NC Duke,Months of flowering and fruiting by Latitude
176,Av_alb_siloCB.jpg,Deirdre Bean,Silohuette of growth habit
177,Av_alb_stembase1.JPG,NC Duke,Stembase characteristics
178,Av_alb_tree1.JPG,NC Duke,Tree form
179,Av_alb_tree6B.jpg,NC Duke,Tree form
180,Av_bic_bark1.jpg,NC Duke,Bark characteristics
181,Av_bic_distribW2.jpg,NC Duke,Distribution in the world
182,Av_bic_flower1w.JPG,NC Duke,Flower features
183,Av_bic_flower6B.jpg,NC Duke,Flower features
184,Av_bic_flower7B.jpg,NC Duke,Flower features
185,Av_bic_fruit1w.jpg,NC Duke,Fruit or propagule
186,Av_bic_fruit6B.jpg,NC Duke,Fruit or propagule
187,Av_bic_leaves1.jpg,NC Duke,Leaf characteristics and shape
188,Av_bic_phen2.jpg,NC Duke,Months of flowering and fruiting by Latitude
189,Av_bic_siloB.jpg,Deirdre Bean,Silohuette of growth habit
190,Av_bic_stembase3.jpg,NC Duke,Stembase characteristics
191,Av_bic_stembase5.jpg,NC Duke,Stembase characteristics
192,Av_bic_tree2.jpg,NC Duke,Tree form
193,Av_ger phen2.jpg,NC Duke,Months of flowering and fruiting by Latitude
194,Av_ger_bark2.JPG,NC Duke,Bark characteristics
195,Av_ger_distribW2.jpg,NC Duke,Distribution in the world
196,Av_ger_flower6A.jpg,NC Duke,Flower features
197,Av_ger_flower7A.jpg,NC Duke,Flower features
198,Av_ger_flower9.jpg,NC Duke,Flower features
199,Av_ger_fruit4.JPG,NC Duke,Fruit or propagule
200,Av_ger_leaves3.JPG,NC Duke,Leaf characteristics and shape
201,Av_ger_leaves6.JPG,NC Duke,Leaf characteristics and shape
202,Av_ger_siloCB.jpg,Deirdre Bean,Silohuette of growth habit
203,Av_ger_stembase2.JPG,NC Duke,Stembase characteristics
204,Av_ger_tree5.JPG,NC Duke,Tree form
205,Av_int_bark1.jpg,NC Duke,Bark characteristics
206,Av_int_distribW2.jpg,NC Duke,Distribution in the world
207,Av_int_flower1.jpg,NC Duke,Flower features
208,Av_int_flower3.jpg,NC Duke,Flower features
209,Av_int_fruit6A.jpg,NC Duke,Fruit or propagule
210,Av_int_leaves1.jpg,NC Duke,Leaf characteristics and shape
211,Av_int_phen1.jpg,NC Duke,Months of flowering and fruiting by Latitude
212,Av_int_siloCB.jpg,Deirdre Bean,Silohuette of growth habit
213,Av_int_stembase1.jpg,NC Duke,Stembase characteristics
214,Av_int_tree3.JPG,NC Duke,Tree form
215,Av_mar_AusNRM1.jpg,NC Duke,Distribution in Australia
216,Av_mar_bark2.jpg,NC Duke,Bark characteristics
217,Av_mar_bark677.jpg,NC Duke,Bark characteristics
218,Av_mar_distrib2.jpg,NC Duke,Distribution in the world
219,Av_mar_estuar1.jpg,Diana Kleine,Estuarine occurrence
220,Av_mar_flower1.jpg,NC Duke,Flower features
221,Av_mar_flower2.jpg,NC Duke,Flower features
222,Av_mar_fruit1.jpg,NC Duke,Fruit or propagule
223,Av_mar_leaves1.jpg,NC Duke,Leaf characteristics and shape
224,Av_mar_leaves2.JPG,NC Duke,Leaf characteristics and shape
225,Av_mar_phen1.jpg,NC Duke,Months of flowering and fruiting by Latitude
226,Av_mar_silo1B.jpg,Deirdre Bean,Silohuette of growth habit
227,Av_mar_stembase1.jpg,NC Duke,Stembase characteristics
228,Av_mar_tree1.jpg,NC Duke,Tree form
229,Av_mar_tree6B.jpg,NC Duke,Tree form
230,Av_mar_zone1.jpg,Diana Kleine,Intertidal zone position
231,Av_mar-aus_bark4.JPG,NC Duke,Bark characteristics
232,Av_mar-aus_distribW2.jpg,NC Duke,Distribution in the world
233,Av_mar-aus_flower5.JPG,NC Duke,Flower features
234,Av_mar-aus_flower8.JPG,NC Duke,Flower features
235,Av_mar-aus_fruit1.jpg,NC Duke,Fruit or propagule
236,Av_mar-aus_leaves6.jpg,NC Duke,Leaf characteristics and shape
237,Av_mar-aus_phen2.jpg,NC Duke,Months of flowering and fruiting by Latitude
238,Av_mar-aus_silo1B.jpg,Deirdre Bean,Silohuette of growth habit
239,Av_mar-aus_tree1.jpg,NC Duke,Tree form
240,Av_mar-aus_tree13.jpg,NC Duke,Tree form
241,Av_mar-euc_bark2.jpg,NC Duke,Bark characteristics
242,Av_mar-euc_distribW2.jpg,NC Duke,Distribution in the world
243,Av_mar-euc_flower1.jpg,NC Duke,Flower features
244,Av_mar-euc_flower3.jpg,NC Duke,Flower features
245,Av_mar-euc_flower4.jpg,NC Duke,Flower features
246,Av_mar-euc_fruit1.jpg,NC Duke,Fruit or propagule
247,Av_mar-euc_leaves2.jpg,NC Duke,Leaf characteristics and shape
248,Av_mar-euc_phen2.jpg,NC Duke,Months of flowering and fruiting by Latitude
249,Av_mar-euc_silo1B.jpg,Deirdre Bean,Silohuette of growth habit
250,Av_mar-euc_stembase1.jpg,NC Duke,Stembase characteristics
251,Av_mar-euc_tree1.jpg,NC Duke,Tree form
252,Av_mar-euc_tree6B.jpg,NC Duke,Tree form
253,Av_mar-mar_bark3.JPG,NC Duke,Bark characteristics
254,Av_mar-mar_distribW2.jpg,NC Duke,Distribution in the world
255,Av_mar-mar_flower1.jpg,NC Duke,Flower features
256,Av_mar-mar_flower2.jpg,NC Duke,Flower features
257,Av_mar-mar_fruit1.JPG,NC Duke,Fruit or propagule
258,Av_mar-mar_leaves4.JPG,NC Duke,Leaf characteristics and shape
259,Av_mar-mar_phen1.jpg,NC Duke,Months of flowering and fruiting by Latitude
260,Av_mar-mar_silo1B.jpg,Deirdre Bean,Silohuette of growth habit
261,Av_mar-mar_stembase1.jpg,NC Duke,Stembase characteristics
262,Av_mar-mar_tree1.jpg,NC Duke,Tree form
263,Av_off_bark1.jpg,NC Duke,Bark characteristics
264,Av_off_distribW2.jpg,NC Duke,Distribution in the world
265,Av_off_flower2.JPG,NC Duke,Flower features
266,Av_off_flower3.JPG,NC Duke,Flower features
267,Av_off_flower4.JPG,NC Duke,Flower features
268,Av_off_flower6A.jpg,NC Duke,Flower features
269,Av_off_fruit2.JPG,NC Duke,Fruit or propagule
270,Av_off_leaves2.JPG,NC Duke,Leaf characteristics and shape
271,Av_off_phen2.jpg,NC Duke,Months of flowering and fruiting by Latitude
272,Av_off_siloCB.jpg,Deirdre Bean,Silohuette of growth habit
273,Av_off_stembase1.JPG,NC Duke,Stembase characteristics
274,Av_off_stembase2.JPG,NC Duke,Stembase characteristics
275,Av_off_tree2.JPG,NC Duke,Tree form
276,Av_rum_bark2.JPG,NC Duke,Bark characteristics
277,Av_rum_distribW2.jpg,NC Duke,Distribution in the world
278,Av_rum_flower1.JPG,NC Duke,Flower features
279,Av_rum_flower3.JPG,NC Duke,Flower features
280,Av_rum_fruit1.JPG,NC Duke,Fruit or propagule
281,Av_rum_fruit4.JPG,NC Duke,Fruit or propagule
282,Av_rum_leaves1.JPG,NC Duke,Leaf characteristics and shape
283,Av_rum_phen2.jpg,NC Duke,Months of flowering and fruiting by Latitude
284,Av_rum_siloCB.jpg,Deirdre Bean,Silohuette of growth habit
285,Av_rum_stembase1.JPG,NC Duke,Stembase characteristics
286,Av_rum_tree2.JPG,NC Duke,Tree form
287,Av_sch_bark3.JPG,NC Duke,Bark characteristics
288,Av_sch_distribW2.jpg,NC Duke,Distribution in the world
289,Av_sch_flower6.JPG,NC Duke,Flower features
290,Av_sch_flower6A.jpg,NC Duke,Flower features
291,Av_sch_fruit2.JPG,NC Duke,Fruit or propagule
292,Av_sch_fruit6.JPG,NC Duke,Fruit or propagule
293,Av_sch_leaves1.JPG,NC Duke,Leaf characteristics and shape
294,Av_sch_phen2.jpg,NC Duke,Months of flowering and fruiting by Latitude
295,Av_sch_siloCB.jpg,NC Duke,Silohuette of growth habit
296,Av_sch_stembase4.JPG,NC Duke,Stembase characteristics
297,Av_sch_tree1.JPG,NC Duke,Tree form
298,Ba_rac_distribW2.jpg,NC Duke,Distribution in the world
299,Ba_rac_flower1.jpg,NC Duke,Flower features
300,Ba_rac_flower3.jpg,NC Duke,Flower features
301,Ba_rac_fruit1.jpg,NC Duke,Fruit or propagule
302,Ba_rac_fruit3.JPG,NC Duke,Fruit or propagule
303,Ba_rac_leaves2.jpg,NC Duke,Leaf characteristics and shape
304,Ba_rac_phen1.jpg,NC Duke,Months of flowering and fruiting by Latitude
305,Ba_rac_siloCB.jpg,Deirdre Bean,Silohuette of growth habit
306,Ba_rac_stembase1.jpg,NC Duke,Stembase characteristics
307,Ba_rac_tree1.jpg,NC Duke,Tree form
308,Bo_arg_bark1.JPG,NC Duke,Bark characteristics
309,Bo_arg_distribW2.jpg,NC Duke,Distribution in the world
310,Bo_arg_flower2.jpg,NC Duke,Flower features
311,Bo_arg_fruit3.JPG,NC Duke,Fruit or propagule
312,Bo_arg_leaves1.jpg,NC Duke,Leaf characteristics and shape
313,Bo_arg_leaves5.JPG,NC Duke,Leaf characteristics and shape
314,Bo_arg_siloB.jpg,Deirdre Bean,Silohuette of growth habit
315,Bo_arg_stembase1.JPG,NC Duke,Stembase characteristics
316,Bo_arg_tree2.jpg,NC Duke,Tree form
317,Bo_ter_distribW2.jpg,NC Duke,Distribution in the world
318,Bo_ter_flower1.jpg,NC Duke,Flower features
319,Bo_ter_fruit3.JPG,NC Duke,Fruit or propagule
320,Bo_ter_leaves2.JPG,NC Duke,Leaf characteristics and shape
321,Bo_ter_leaves3.JPG,NC Duke,Leaf characteristics and shape
322,Bo_ter_siloCB.jpg,Deirdre Bean,Silohuette of growth habit
323,Bo_ter_stembase1.JPG,NC Duke,Stembase characteristics
324,Bo_ter_tree1.jpg,NC Duke,Tree form
325,Bo_ter_tree2.JPG,NC Duke,Tree form
326,Br_cyl_bark2.JPG,NC Duke,Bark characteristics
327,Br_cyl_diag4.jpg,NC Duke,Diagnostic feature
328,Br_cyl_distribW2.jpg,NC Duke,Distribution in the world
329,Br_cyl_flower2.jpg,NC Duke,Flower features
330,Br_cyl_flower6.JPG,NC Duke,Flower features
331,Br_cyl_fruit7.JPG,NC Duke,Fruit or propagule
332,Br_cyl_leaves1.jpg,NC Duke,Leaf characteristics and shape
333,Br_cyl_phen1.jpg,NC Duke,Months of flowering and fruiting by Latitude
334,Br_cyl_siloB.jpg,Deirdre Bean,Silohuette of growth habit
335,Br_cyl_stembase1.JPG,NC Duke,Stembase characteristics
336,Br_cyl_tree2.jpg,NC Duke,Tree form
337,Br_dun_AusNRM2a.jpg,NC Duke,Distribution in Australia
338,Br_dun_bark1.jpg,NC Duke,Bark characteristics
339,Br_dun_diag1.jpg,NC Duke,Diagnostic feature
340,Br_dun_distribAA.jpeg,NC Duke,Distribution in the world
341,Br_dun_estuar1.jpg,Diana Kleine,Estuarine occurrence
342,Br_dun_flower1.jpg,NC Duke,Flower features
343,Br_dun_flower2.jpg,NC Duke,Flower features
344,Br_dun_flower3.jpg,NC Duke,Flower features
345,Br_dun_fruit1.jpg,NC Duke,Fruit or propagule
346,Br_dun_leaves1.jpg,NC Duke,Leaf characteristics and shape
347,Br_dun_leaves2.jpg,NC Duke,Leaf characteristics and shape
348,Br_dun_leaves3.jpg,NC Duke,Leaf characteristics and shape
349,Br_dun_phen2.jpg,NC Duke,Months of flowering and fruiting by Latitude
350,Br_dun_siloB1.jpg,Deirdre Bean,Silohuette of growth habit
351,Br_dun_stembase1.jpg,NC Duke,Stembase characteristics
352,Br_dun_stembase2.jpg,NC Duke,Stembase characteristics
353,Br_dun_tree1.jpg,NC Duke,Tree form
354,Br_dun_zone1.jpg,Diana Kleine,Intertidal zone position
355,Br_exa_bark1.JPG,NC Duke,Bark characteristics
356,Br_exa_diag4.jpg,NC Duke,Diagnostic feature
357,Br_exa_distribW2.jpg,NC Duke,Distribution in the world
358,Br_exa_flower3.jpg,NC Duke,Flower features
359,Br_exa_flower11.JPG,NC Duke,Flower features
360,Br_exa_fruit3.jpg,NC Duke,Fruit or propagule
361,Br_exa_leaves1.jpg,NC Duke,Leaf characteristics and shape
362,Br_exa_phen1.jpg,NC Duke,Months of flowering and fruiting by Latitude
363,Br_exa_siloB.jpg,NC Duke,Silohuette of growth habit
364,Br_exa_stembase2.jpg,NC Duke,Stembase characteristics
365,Br_exa_tree2.jpg,NC Duke,Tree form
366,Br_gym_bark3.JPG,NC Duke,Bark characteristics
367,Br_gym_diag4.jpg,NC Duke,Diagnostic feature
368,Br_gym_distribW2.jpg,NC Duke,Distribution in the world
369,Br_gym_flower17.JPG,NC Duke,Flower features
370,Br_gym_flower20.jpg,NC Duke,Flower features
371,Br_gym_fruit6.JPG,NC Duke,Fruit or propagule
372,Br_gym_leaves5.JPG,NC Duke,Leaf characteristics and shape
373,Br_gym_phen1.jpg,NC Duke,Months of flowering and fruiting by Latitude
374,Br_gym_siloCB.jpg,Deirdre Bean,Silohuette of growth habit
375,Br_gym_stembase11.jpg,NC Duke,Stembase characteristics
376,Br_gym_tree7.JPG,NC Duke,Tree form
377,Br_hai_bark1.JPG,NC Duke,Bark characteristics
378,Br_hai_diag4.jpg,NC Duke,Diagnostic feature
379,Br_hai_distribW2.jpg,NC Duke,Distribution in the world
380,Br_hai_flower7 (1).jpg,NC Duke,Flower features
381,Br_hai_flower8.JPG,NC Duke,Flower features
382,Br_hai_flower8b.jpg,NC Duke,Flower features
383,Br_hai_fruit10.JPG,NC Duke,Fruit or propagule
384,Br_hai_leaves2.JPG,NC Duke,Leaf characteristics and shape
385,Br_hai_leaves3.JPG,NC Duke,Leaf characteristics and shape
386,Br_hai_phen1.jpg,NC Duke,Months of flowering and fruiting by Latitude
387,Br_hai_siloCB.jpg,Deirdre Bean,Silohuette of growth habit
388,Br_hai_stembase5.JPG,NC Duke,Stembase characteristics
389,Br_hai_stembase7a.jpg,NC Duke,Stembase characteristics
390,Br_hai_tree2.JPG,NC Duke,Tree form
391,Br_par_bark1.jpg,NC Duke,Bark characteristics
392,Br_par_diag4.jpg,NC Duke,Diagnostic feature
393,Br_par_distribW2.jpg,NC Duke,Distribution in the world
394,Br_par_flower1.jpg,NC Duke,Flower features
395,Br_par_flower5.JPG,NC Duke,Flower features
396,Br_par_flower7BB.jpg,NC Duke,Flower features
397,Br_par_fruit2.jpg,NC Duke,Fruit or propagule
398,Br_par_leaves1.jpg,NC Duke,Leaf characteristics and shape
399,Br_par_phen1.jpg,NC Duke,Months of flowering and fruiting by Latitude
400,Br_par_siloCB.jpg,Deirdre Bean,Silohuette of growth habit
401,Br_par_stembase1.jpg,NC Duke,Stembase characteristics
402,Br_par_stembase6B.jpg,NC Duke,Stembase characteristics
403,Br_par_tree1.jpg,NC Duke,Tree form
404,Br_par_tree7B.jpg,NC Duke,Tree form
405,Br_rhy_bark1.jpg,NC Duke,Bark characteristics
406,Br_rhy_diag4.jpg,NC Duke,Diagnostic feature
407,Br_rhy_distribW2.jpg,NC Duke,Distribution in the world
408,Br_rhy_flower2.jpg,NC Duke,Flower features
409,Br_rhy_flower4.jpg,NC Duke,Flower features
410,Br_rhy_fruit5.JPG,NC Duke,Fruit or propagule
411,Br_rhy_leaves1.jpg,NC Duke,Leaf characteristics and shape
412,Br_rhy_phen1.jpg,NC Duke,Months of flowering and fruiting by Latitude
413,Br_rhy_siloB.jpg,Deirdre Bean,Silohuette of growth habit
414,Br_rhy_stembase1.jpg,NC Duke,Stembase characteristics
415,Br_rhy_tree2.jpg,NC Duke,Tree form
416,Br_sex_bark3.JPG,NC Duke,Bark characteristics
417,Br_sex_diag4.jpg,NC Duke,Diagnostic feature
418,Br_sex_distribW2.jpg,NC Duke,Distribution in the world
419,Br_sex_flower7.JPG,NC Duke,Flower features
420,Br_sex_flower11.JPG,NC Duke,Flower features
421,Br_sex_fruit3.jpg,NC Duke,Fruit or propagule
422,Br_sex_fruit6B.jpg,NC Duke,Fruit or propagule
423,Br_sex_leaves1.jpg,NC Duke,Leaf characteristics and shape
424,Br_sex_phen1.jpg,NC Duke,Months of flowering and fruiting by Latitude
425,Br_sex_siloCB.jpg,Deirdre Bean,Silohuette of growth habit
426,Br_sex_stembase3.jpg,NC Duke,Stembase characteristics
427,Br_sex_tree5.JPG,NC Duke,Tree form
428,Br_sex_tree6B.jpg,NC Duke,Tree form
429,Ca_phi_distribW2.jpg,NC Duke,Distribution in the world
430,Ca_phi_flower1w.jpg,NC Duke,Flower features
431,Ca_phi_flower2w.jpg,NC Duke,Flower features
432,Ca_phi_fruit1.JPG,NC Duke,Fruit or propagule
433,Ca_phi_fruit3.JPG,NC Duke,Fruit or propagule
434,Ca_phi_leaves2.JPG,NC Duke,Leaf characteristics and shape
435,Ca_phi_phen2.jpg,NC Duke,Months of flowering and fruiting by Latitude
436,Ca_phi_siloCB.jpg,Deirdre Bean,Silohuette of growth habit
437,Ca_phi_stembase3.JPG,NC Duke,Stembase characteristics
438,Ca_phi_tree1.JPG,NC Duke,Tree form
439,Ca_sch_distribW2.jpg,NC Duke,Distribution in the world
440,Ca_sch_flower1.jpg,NC Duke,Flower features
441,Ca_sch_flower2.JPG,NC Duke,Flower features
442,Ca_sch_fruit4.jpg,NC Duke,Fruit or propagule
443,Ca_sch_fruit7B.jpg,NC Duke,Fruit or propagule
444,Ca_sch_leaves1.jpg,NC Duke,Leaf characteristics and shape
445,Ca_sch_phen1.jpg,NC Duke,Months of flowering and fruiting by Latitude
446,Ca_sch_siloCB.jpg,Deirdre Bean,Silohuette of growth habit
447,Ca_sch_stembase1.jpg,NC Duke,Stembase characteristics
448,Ca_sch_tree1.jpg,NC Duke,Tree form
449,Ce_aus_bark1.jpg,NC Duke,Bark characteristics
450,Ce_aus_distribW2.jpg,NC Duke,Distribution in the world
451,Ce_aus_flower1.jpg,NC Duke,Flower features
452,Ce_aus_fruit5.jpg,NC Duke,Fruit or propagule
453,Ce_aus_fruit6.jpg,NC Duke,Fruit or propagule
454,Ce_aus_fruit7.JPG,NC Duke,Fruit or propagule
455,Ce_aus_leaves2.jpg,NC Duke,Leaf characteristics and shape
456,Ce_aus_phen1.jpg,NC Duke,Months of flowering and fruiting by Latitude
457,Ce_aus_siloCB.jpg,Deirdre Bean,Silohuette of growth habit
458,Ce_aus_stembase1.jpg,NC Duke,Stembase characteristics
459,Ce_aus_tree4.jpg,NC Duke,Tree form
460,Ce_dec_distribW2.jpg,NC Duke,Distribution in the world
461,Ce_dec_flower1.JPG,NC Duke,Flower features
462,Ce_dec_flower3.JPG,NC Duke,Flower features
463,Ce_dec_flower6B.jpg,NC Duke,Flower features
464,Ce_dec_fruit1.JPG,NC Duke,Fruit or propagule
465,Ce_dec_leaves1.JPG,NC Duke,Leaf characteristics and shape
466,Ce_dec_phen2.jpg,NC Duke,Months of flowering and fruiting by Latitude
467,Ce_dec_siloCB.jpg,Deirdre Bean,Silohuette of growth habit
468,Ce_dec_tree1w.jpg,NC Duke,Tree form
469,Ce_pse_distribW2.jpg,NC Duke,Distribution in the world
470,Ce_pse_flower2.jpg,NC Duke,Flower features
471,Ce_pse_flower4.JPG,NC Duke,Flower features
472,Ce_pse_fruit1.jpg,NC Duke,Fruit or propagule
473,Ce_pse_fruit3.jpg,NC Duke,Fruit or propagule
474,Ce_pse_fruit5.jpg,NC Duke,Fruit or propagule
475,Ce_pse_leaves1.jpg,NC Duke,Leaf characteristics and shape
476,Ce_pse_phen1.jpg,NC Duke,Months of flowering and fruiting by Latitude
477,Ce_pse_siloCB.jpg,Deirdre Bean,Silohuette of growth habit
478,Ce_pse_tree1.jpg,NC Duke,Tree form
479,Ce_tag_diag2.JPG,NC Duke,Diagnostic feature
480,Ce_tag_distribW.jpg,NC Duke,Distribution in the world
481,Ce_tag_flower1.jpg,NC Duke,Flower features
482,Ce_tag_flower5.JPG,NC Duke,Flower features
483,Ce_tag_fruit1.jpg,NC Duke,Fruit or propagule
484,Ce_tag_fruit3.jpg,NC Duke,Fruit or propagule
485,Ce_tag_fruit8.JPG,NC Duke,Fruit or propagule
486,Ce_tag_leaves1.jpg,NC Duke,Leaf characteristics and shape
487,Ce_tag_phen1.jpg,NC Duke,Months of flowering and fruiting by Latitude
488,Ce_tag_siloCB.jpg,Deirdre Bean,Silohuette of growth habit
489,Ce_tag_stembase2.JPG,NC Duke,Stembase characteristics
490,Ce_tag_tree1.jpg,NC Duke,Tree form
491,Ce_zip_bark1.JPG,NC Duke,Bark characteristics
492,Ce_zip_distribW2.jpg,NC Duke,Distribution in the world
493,Ce_zip_flower1.JPG,NC Duke,Flower features
494,Ce_zip_fruit1.JPG,NC Duke,Fruit or propagule
495,Ce_zip_fruit2.JPG,NC Duke,Fruit or propagule
496,Ce_zip_leaves1.JPG,NC Duke,Leaf characteristics and shape
497,Ce_zip_phen2.jpg,NC Duke,Months of flowering and fruiting by Latitude
498,Ce_zip_siloCB.jpg,Deirdre Bean,Silohuette of growth habit
499,Ce_zip_stembase1.JPG,NC Duke,Stembase characteristics
500,Ce_zip_tree1.JPG,NC Duke,Tree form
501,Co_ere_distribW2.jpg,NC Duke,Distribution in the world
502,Co_ere_flower3.JPG,NC Duke,Flower features
503,Co_ere_flower4.JPG,NC Duke,Flower features
504,Co_ere_fruit5.JPG,NC Duke,Fruit or propagule
505,Co_ere_leaves2.JPG,NC Duke,Leaf characteristics and shape
506,Co_ere_leaves3.JPG,NC Duke,Leaf characteristics and shape
507,Co_ere_siloB.jpg,Deirdre Bean,Silohuette of growth habit
508,Co_ere_tree2.JPG,NC Duke,Tree form
509,Cr_pat_distribW2.jpg,NC Duke,Distribution in the world
510,Cr_pat_flower2.JPG,NC Duke,Flower features
511,Cr_pat_fruit2.JPG,NC Duke,Fruit or propagule
512,Cr_pat_leaves1.JPG,NC Duke,Leaf characteristics and shape
513,Cr_pat_leaves2.JPG,NC Duke,Leaf characteristics and shape
514,Cr_pat_siloB.jpg,Deirdre Bean,Silohuette of growth habit
515,Cr_pat_stembase1.JPG,NC Duke,Stembase characteristics
516,Cr_pat_tree1.JPG,NC Duke,Tree form
517,Cr_pat_tree2.JPG,NC Duke,Tree form
518,Cy_iri_bark1.jpg,NC Duke,Bark characteristics
519,Cy_iri_distribW2.jpg,NC Duke,Distribution in the world
520,Cy_iri_flower2.jpg,NC Duke,Flower features
521,Cy_iri_fruit4.jpg,NC Duke,Fruit or propagule
522,Cy_iri_fruit6.JPG,NC Duke,Fruit or propagule
523,Cy_iri_leaves2.jpg,NC Duke,Leaf characteristics and shape
524,Cy_iri_phen1.jpg,NC Duke,Months of flowering and fruiting by Latitude
525,Cy_iri_siloB.jpg,Deirdre Bean,Silohuette of growth habit
526,Cy_iri_stembase1.jpg,NC Duke,Stembase characteristics
527,Cy_iri_tree1.jpg,NC Duke,Tree form
528,Di_lit_bark1.jpg,NC Duke,Bark characteristics
529,Di_lit_bark6B.jpg,NC Duke,Bark characteristics
530,Di_lit_distribW2.jpg,NC Duke,Distribution in the world
531,Di_lit_flower4.jpg,NC Duke,Flower features
532,Di_lit_fruit2.jpg,NC Duke,Fruit or propagule
533,Di_lit_fruit3.jpg,NC Duke,Fruit or propagule
534,Di_lit_leaves1.jpg,NC Duke,Leaf characteristics and shape
535,Di_lit_leaves3.jpg,NC Duke,Leaf characteristics and shape
536,Di_lit_phen1.jpg,NC Duke,Months of flowering and fruiting by Latitude
537,Di_lit_siloB.jpg,Deirdre Bean,Silohuette of growth habit
538,Di_lit_tree1.jpg,NC Duke,Tree form
539,Do_spa_bark1.jpg,NC Duke,Bark characteristics
540,Do_spa_distribW2.jpg,NC Duke,Distribution in the world
541,Do_spa_flower1.jpg,NC Duke,Flower features
542,Do_spa_flower4.JPG,NC Duke,Flower features
543,Do_spa_fruit1.JPG,NC Duke,Fruit or propagule
544,Do_spa_fruit3.JPG,NC Duke,Fruit or propagule
545,Do_spa_leaves3.JPG,NC Duke,Leaf characteristics and shape
546,Do_spa_phen1.jpg,NC Duke,Months of flowering and fruiting by Latitude
547,Do_spa_siloB.jpg,Deirdre Bean,Silohuette of growth habit
548,Do_spa_tree1.jpg,NC Duke,Tree form
549,Do_spa_tree6B.jpg,NC Duke,Tree form
550,Ex_aga_AusNRM1.jpg,NC Duke,Distribution in Australia
551,Ex_aga_bark1.jpg,NC Duke,Bark characteristics
552,Ex_aga_diag1.jpg,NC Duke,Diagnostic feature
553,Ex_aga_diag273.jpg,NC Duke,Diagnostic feature
554,Ex_aga_distrib2.jpg,NC Duke,Distribution in the world
555,Ex_aga_estuar1.jpg,Diana Kleine,Estuarine occurrence
556,Ex_aga_flower1.jpg,NC Duke,Flower features
557,Ex_aga_flower2.jpg,NC Duke,Flower features
558,Ex_aga_fruit1.jpg,NC Duke,Fruit or propagule
559,Ex_aga_fruit2.jpg,NC Duke,Fruit or propagule
560,Ex_aga_leaves1.jpg,NC Duke,Leaf characteristics and shape
561,Ex_aga_leaves2.jpg,NC Duke,Leaf characteristics and shape
562,Ex_aga_phen1.jpg,NC Duke,Months of flowering and fruiting by Latitude
563,Ex_aga_siloB.jpg,Deirdre Bean,Silohuette of growth habit
564,Ex_aga_stembase1.jpg,NC Duke,Stembase characteristics
565,Ex_aga_tree1.jpg,NC Duke,Tree form
566,Ex_aga_tree6A.jpg,NC Duke,Tree form
567,Ex_aga_zone1.jpg,Diana Kleine,Intertidal zone position
568,Ex_aga-aga_bark2.jpg,NC Duke,Bark characteristics
569,Ex_aga-aga_bark3.jpg,NC Duke,Bark characteristics
570,Ex_aga-aga_diag2.jpg,NC Duke,Diagnostic feature
571,Ex_aga-aga_distribW2.jpg,NC Duke,Distribution in the world
572,Ex_aga-aga_flowerF5.jpg,NC Duke,Flower features
573,Ex_aga-aga_flowerM3.jpg,NC Duke,Flower features
574,Ex_aga-aga_fruit2.JPG,NC Duke,Fruit or propagule
575,Ex_aga-aga_fruit3.JPG,NC Duke,Fruit or propagule
576,Ex_aga-aga_leaves2.JPG,NC Duke,Leaf characteristics and shape
577,Ex_aga-aga_leaves7.jpg,NC Duke,Leaf characteristics and shape
578,Ex_aga-aga_phen1.jpg,NC Duke,Months of flowering and fruiting by Latitude
579,Ex_aga-aga_siloB.jpg,Deirdre Bean,Silohuette of growth habit
580,Ex_aga-aga_tree6B.jpg,NC Duke,Tree form
581,Ex_aga-ova_diag21.JPG,NC Duke,Diagnostic feature
582,Ex_aga-ova_distribW2.jpg,NC Duke,Distribution in the world
583,Ex_aga-ova_fruit1.jpg,NC Duke,Fruit or propagule
584,Ex_aga-ova_leaves1.jpg,NC Duke,Leaf characteristics and shape
585,Ex_aga-ova_phen2.jpg,NC Duke,Months of flowering and fruiting by Latitude
586,Ex_aga-ova_siloB.jpg,Deirdre Bean,Silohuette of growth habit
587,Ex_aga-ova_tree1.jpg,NC Duke,Tree form
588,Ex_ind_bark1a.jpg,NC Duke,Bark characteristics
589,Ex_ind_distribW2B.jpg,NC Duke,Distribution in the world
590,Ex_ind_flower1a.jpg,NC Duke,Flower features
591,Ex_ind_flower2a.jpg,NC Duke,Flower features
592,Ex_ind_fruit1a.jpg,NC Duke,Fruit or propagule
593,Ex_ind_fruit2.JPG,NC Duke,Fruit or propagule
594,Ex_ind_fruit3w.jpg,NC Duke,Fruit or propagule
595,Ex_ind_leaves1a.jpg,NC Duke,Leaf characteristics and shape
596,Ex_ind_siloB.jpg,Deirdre Bean,Silohuette of growth habit
597,Ex_ind_tree1a.jpg,NC Duke,Tree form
598,He_fom_distribW2.jpg,NC Duke,Distribution in the world
599,He_fom_flower1.jpg,NC Duke,Flower features
600,He_fom_flower2.jpg,NC Duke,Flower features
601,He_fom_flower6A.jpg,NC Duke,Flower features
602,He_fom_fruit1.jpg,NC Duke,Fruit or propagule
603,He_fom_fruit6A.jpg,NC Duke,Fruit or propagule
604,He_fom_leaves1.jpg,NC Duke,Leaf characteristics and shape
605,He_fom_leaves2.jpg,NC Duke,Leaf characteristics and shape
606,He_fom_phen2.jpg,NC Duke,Months of flowering and fruiting by Latitude
607,He_fom_siloB.jpg,Deirdre Bean,Silohuette of growth habit
608,He_fom_stembase3.jpg,NC Duke,Stembase characteristics
609,He_fom_tree2.jpg,NC Duke,Tree form
610,He_glo_distribW2.jpg,NC Duke,Distribution in the world
611,He_glo_leaves1w.jpg,NC Duke,Leaf characteristics and shape
612,He_glo_leaves2w.jpg,NC Duke,Leaf characteristics and shape
613,He_glo_siloBC.jpg,Deirdre Bean,Silohuette of growth habit
614,He_lit_bark2.jpg,NC Duke,Bark characteristics
615,He_lit_distribW2.jpg,NC Duke,Distribution in the world
616,He_lit_flower1.JPG,NC Duke,Flower features
617,He_lit_flower4.JPG,NC Duke,Flower features
618,He_lit_fruit2.jpg,NC Duke,Fruit or propagule
619,He_lit_fruit3.JPG,NC Duke,Fruit or propagule
620,He_lit_fruit5.jpg,NC Duke,Fruit or propagule
621,He_lit_leaves1.JPG,NC Duke,Leaf characteristics and shape
622,He_lit_phen1.jpg,NC Duke,Months of flowering and fruiting by Latitude
623,He_lit_siloB.jpg,NC Duke,Silohuette of growth habit
624,He_lit_stembase3.jpg,NC Duke,Stembase characteristics
625,He_lit_stembase6A.jpg,NC Duke,Stembase characteristics
626,He_lit_tree3.jpg,NC Duke,Tree form
627,He_lit_tree6A.jpg,NC Duke, Tree form
628,Hi_til_bark1.JPG,NC Duke,Bark characteristics
629,Hi_til_distribW2.jpg,NC Duke,Distribution in the world
630,Hi_til_flower1.JPG,NC Duke,Flower features
631,Hi_til_flower2.JPG,NC Duke,Flower features
632,Hi_til_flower4.JPG,NC Duke,Flower features
633,Hi_til_fruit4.JPG,NC Duke,Fruit or propagule
634,Hi_til_leaves3.JPG,NC Duke,Leaf characteristics and shape
635,Hi_til_siloCB.jpg,NC Duke,Silohuette of growth habit
636,Hi_til_stembase1.JPG,NC Duke,Stembase characteristics
637,Hi_til_tree3.JPG,NC Duke,Tree form
638,Hp_man_diag1w.jpg,NC Duke,Diagnostic feature
639,Hp_man_distribW2.jpg,NC Duke,Distribution in the world
640,Hp_man_flower1w.jpg,NC Duke,Flower features
641,Hp_man_flower2w.jpg,NC Duke,Flower features
642,Hp_man_fruit1w.JPG,NC Duke,Fruit or propagule
643,Hp_man_leaves2w.jpg,NC Duke,Leaf characteristics and shape
644,Hp_man_siloCB.jpg,NC Duke,Silohuette of growth habit
645,Hp_man_stembase1w.jpg,NC Duke,Stembase characteristics
646,Hp_man_tree1w.jpg,NC Duke,Tree form
647,In_fag_bark1.JPG,NC Duke,Bark characteristics
648,In_fag_distribW2.jpg,NC Duke,Distribution in the world
649,In_fag_fruit1.JPG,NC Duke,Fruit or propagule
650,In_fag_fruit2.JPG,NC Duke,Fruit or propagule
651,In_fag_leaves3.JPG,NC Duke,Leaf characteristics and shape
652,In_fag_leaves6.JPG,NC Duke,Leaf characteristics and shape
653,In_fag_siloCB.jpg,Deirdre Bean,Silohuette of growth habit
654,In_fag_stembase1.JPG,NC Duke,Stembase characteristics
655,In_fag_tree1.JPG,NC Duke,Tree form
656,Ka_can_distribW2.jpg,NC Duke,Distribution in the world
657,Ka_can_flower1.jpg,NC Duke,Flower features
658,Ka_can_flower3.jpg,NC Duke,Flower features
659,Ka_can_fruit1.jpg,NC Duke,Fruit or propagule
660,Ka_can_fruit2.jpg,NC Duke,Fruit or propagule
661,Ka_can_leaves2.jpg,NC Duke,Leaf characteristics and shape
662,Ka_can_phen2.jpg,NC Duke,Months of flowering and fruiting by Latitude
663,Ka_can_siloB.jpg,Deirdre Bean,Silohuette of growth habit
664,Ka_can_tree2.jpg,NC Duke,Tree form
665,Ka_obo_bark1.JPG,NC Duke,Bark characteristics
666,Ka_obo_distribW2.jpg,NC Duke,Distribution in the world
667,Ka_obo_flower1.JPG,NC Duke,Flower features
668,Ka_obo_flower2.JPG,NC Duke,Flower features
669,Ka_obo_fruit1.JPG,NC Duke,Fruit or propagule
670,Ka_obo_fruit2.JPG,NC Duke,Fruit or propagule
671,Ka_obo_leaves2.JPG,NC Duke,Leaf characteristics and shape
672,Ka_obo_phen2.jpg,NC Duke,Months of flowering and fruiting by Latitude
673,Ka_obo_siloCB.jpg,Deirdre Bean,Silohuette of growth habit
674,Ka_obo_stembase1.JPG,NC Duke,Stembase characteristics
675,Ka_obo_tree2.JPG,NC Duke,Tree form
676,La_rac_bark1.JPG,NC Duke,Bark characteristics
677,La_rac_distribW2.jpg,NC Duke,Distribution in the world
678,La_rac_flower1.JPG,NC Duke,Flower features
679,La_rac_flower3.JPG,NC Duke,Flower features
680,La_rac_flower6A.jpg,NC Duke,Flower features
681,La_rac_fruit2.JPG,NC Duke,Fruit or propagule
682,La_rac_fruit5.JPG,NC Duke,Fruit or propagule
683,La_rac_leaves6.JPG,NC Duke,Leaf characteristics and shape
684,La_rac_phen2.jpg,NC Duke,Months of flowering and fruiting by Latitude
685,La_rac_siloB.jpg,Deirdre Bean,Silohuette of growth habit
686,La_rac_stembase5.JPG,NC Duke,Stembase characteristics
687,La_rac_tree8.JPG,NC Duke,Tree form
688,La_rac_tree9.JPG,NC Duke,Tree form
689,Ln_pat_bark1.jpg,NC Duke,Bark characteristics
690,Ln_pat_distribW1.jpg,NC Duke,Distribution in the world
691,Ln_pat_flower1.jpg,NC Duke,Flower features
692,Ln_pat_fruit1.jpg,NC Duke,Fruit or propagule
693,Ln_pat_fruit2.jpg,NC Duke,Fruit or propagule
694,Ln_pat_leaves1.jpg,NC Duke,Leaf characteristics and shape
695,Ln_pat_phen1.jpg,NC Duke,Months of flowering and fruiting by Latitude
696,Ln_pat_siloB.jpg,Deirdre Bean,Silohuette of growth habit
697,Ln_pat_stembase1.jpg,NC Duke,Stembase characteristics
698,Ln_pat_tree1.jpg,NC Duke,Tree form
699,Lo_mon_distribW2.jpg,NC Duke,Distribution in the world
700,Lo_mon_flower1w.jpg,NC Duke,Flower features
701,Lo_mon_fruit1.JPG,NC Duke,Fruit or propagule
702,Lo_mon_leaves1.JPG,NC Duke,Leaf characteristics and shape
703,Lo_mon_leaves4.JPG,NC Duke,Leaf characteristics and shape
704,Lo_mon_siloB2.jpg,Deirdre Bean,Silohuette of growth habit
705,Lo_mon_stembase1.JPG,NC Duke,Stembase characteristics
706,Lo_mon_tree2.JPG,NC Duke,Tree form
707,Lu_lit_bark2.jpg,NC Duke,Bark characteristics
708,Lu_lit_distribW2.jpg,NC Duke,Distribution in the world
709,Lu_lit_flower1.JPG,NC Duke,Flower features
710,Lu_lit_flower2.JPG,NC Duke,Flower features
711,Lu_lit_flower5.jpg,NC Duke,Flower features
712,Lu_lit_fruit2.jpg,NC Duke,Fruit or propagule
713,Lu_lit_fruit3.jpg,NC Duke,Fruit or propagule
714,Lu_lit_leaves1.JPG,NC Duke,Leaf characteristics and shape
715,Lu_lit_phen1.jpg,NC Duke,Months of flowering and fruiting by Latitude
716,Lu_lit_siloB.jpg,Deirdre Bean,Silohuette of growth habit
717,Lu_lit_stembase1.JPG,NC Duke,Stembase characteristics
718,Lu_lit_tree1.JPG,NC Duke,Tree form
719,Lu_lit_tree4.jpg,NC Duke,Tree form
720,Lu_rac_bark3.jpg,NC Duke,Bark characteristics
721,Lu_rac_distribW2.jpg,NC Duke,Distribution in the world
722,Lu_rac_flower2.JPG,NC Duke,Flower features
723,Lu_rac_flower3.jpg,NC Duke,Flower features
724,Lu_rac_flower9.jpg,NC Duke,Flower features
725,Lu_rac_fruit1.JPG,NC Duke,Fruit or propagule
726,Lu_rac_fruit3.JPG,NC Duke,Fruit or propagule
727,Lu_rac_leaves1.JPG,NC Duke,Leaf characteristics and shape
728,Lu_rac_phen1.jpg,NC Duke,Months of flowering and fruiting by Latitude
729,Lu_rac_siloB.jpg,Deirdre Bean,Silohuette of growth habit
730,Lu_rac_stembase1.JPG,NC Duke,Stembase characteristics
731,Lu_rac_tree2.jpg,NC Duke,Tree form
732,Lu_ros_bark2.jpg,NC Duke,Bark characteristics
733,Lu_ros_distribW2.jpg,NC Duke,Distribution in the world
734,Lu_ros_flower9.jpg,NC Duke,Flower features
735,Lu_ros_flower10.jpg,NC Duke,Flower features
736,Lu_ros_fruit2.jpg,NC Duke,Fruit or propagule
737,Lu_ros_leaves3.jpg,NC Duke,Leaf characteristics and shape
738,Lu_ros_phen1.jpg,NC Duke,Months of flowering and fruiting by Latitude
739,Lu_ros_siloB.jpg,Deirdre Bean,Silohuette of growth habit
740,Lu_ros_stembase1.jpg,NC Duke,Stembase characteristics
741,Lu_ros_tree3.jpg,NC Duke,Tree form
742,Lu_ros_tree4.jpg,NC Duke,Tree form
743,Mo_ole_bark1w.jpg,NC Duke,Bark characteristics
744,Mo_ole_distribW2.jpg,NC Duke,Distribution in the world
745,Mo_ole_flower1w.jpg,NC Duke,Flower features
746,Mo_ole_flower3w.jpg,NC Duke,Flower features
747,Mo_ole_fruit3w.jpg,NC Duke,Fruit or propagule
748,Mo_ole_fruit4.jpg,NC Duke,Fruit or propagule
749,Mo_ole_leaves3w.jpg,NC Duke,Leaf characteristics and shape
750,Mo_ole_phen2.jpg,NC Duke,Months of flowering and fruiting by Latitude
751,Mo_ole_siloCB.jpg,Deirdre Bean,Silohuette of growth habit
752,Mo_ole_stembase2w.jpg,NC Duke,Stembase characteristics
753,Mo_ole_stembase3.jpg,NC Duke,Stembase characteristics
754,Mo_ole_tree1w.jpg,NC Duke,Tree form
755,Ny_fru_distribW2.jpg,NC Duke,Distribution in the world
756,Ny_fru_flower2.JPG,NC Duke,Flower features
757,Ny_fru_flower4.jpg,NC Duke,Flower features
758,Ny_fru_fruit2.JPG,NC Duke,Fruit or propagule
759,Ny_fru_fruit3.JPG,NC Duke,Fruit or propagule
760,Ny_fru_fruit4.jpg,NC Duke,Fruit or propagule
761,Ny_fru_leaves3.jpg,NC Duke,Leaf characteristics and shape
762,Ny_fru_phen1.jpg,NC Duke,Months of flowering and fruiting by Latitude
763,Ny_fru_siloCB.jpg,Deirdre Bean,Silohuette of growth habit
764,Ny_fru_stembase2.jpg,NC Duke,Stembase characteristics
765,Ny_fru_tree1.JPG,NC Duke,Tree form
766,Os_oct_bark1.jpg,NC Duke,Bark characteristics
767,Os_oct_distribW2.jpg,NC Duke,Distribution in the world
768,Os_oct_flower1.JPG,NC Duke,Flower features
769,Os_oct_flower6A.jpg,NC Duke,Flower features
770,Os_oct_fruit1.JPG,NC Duke,Fruit or propagule
771,Os_oct_fruit2.jpg,NC Duke,Fruit or propagule
772,Os_oct_fruit6A.jpg,NC Duke,Fruit or propagule
773,Os_oct_leaves3.jpg,NC Duke,Leaf characteristics and shape
774,Os_oct_leaves6A.jpg,NC Duke,Leaf characteristics and shape
775,Os_oct_phen1.jpg,NC Duke,Months of flowering and fruiting by Latitude
776,Os_oct_siloB.jpg,Deirdre Bean,Silohuette of growth habit
777,Os_oct_tree3.jpg,NC Duke,Tree form
778,Os_oct_tree4.jpg,NC Duke,Tree form
779,Os_oct_tree6B.jpg,NC Duke,Tree form
780,Pa_rhi_distribW2.jpg,NC Duke,Distribution in the world
781,Pa_rhi_fruit1w.jpg,NC Duke,Fruit or propagule
782,Pa_rhi_leaves1w.jpg,NC Duke,Leaf characteristics and shape
783,Pa_rhi_leaves2w.jpg,NC Duke,Leaf characteristics and shape
784,Pa_rhi_siloB.jpg,Deirdre Bean,Silohuette of growth habit
785,Pa_spi_distribW2.jpg,NC Duke,Distribution in the world
786,Pa_spi_flower2.JPG,NC Duke,Flower features
787,Pa_spi_flower3.JPG,NC Duke,Flower features
788,Pa_spi_fruit1.JPG,NC Duke,Fruit or propagule
789,Pa_spi_fruit3.JPG,NC Duke,Fruit or propagule
790,Pa_spi_leaves1.JPG,NC Duke,Leaf characteristics and shape
791,Pa_spi_siloB.jpg,Deirdre Bean,Silohuette of growth habit
792,Pa_spi_tree1.JPG,NC Duke,Tree form
793,Pa_spi_tree3.JPG,NC Duke,Tree form
794,Pe_ben_bark1.JPG,NC Duke,Bark characteristics
795,Pe_ben_distrib2.jpg,NC Duke,Distribution in the world
796,Pe_ben_estuar1.jpg,Diana Kleine,Estuarine occurrence
797,Pe_ben_flower1.jpg,NC Duke,Flower features
798,Pe_ben_flower2.jpg,NC Duke,Flower features
799,Pe_ben_fruit3.JPG,NC Duke,Fruit or propagule
800,Pe_ben_fruit6B.jpg,NC Duke,Fruit or propagule
801,Pe_ben_fruit11.JPG,NC Duke,Fruit or propagule
802,Pe_ben_leaves2.JPG,NC Duke,Leaf characteristics and shape
803,Pe_ben_leaves4.JPG,NC Duke,Leaf characteristics and shape
804,Pe_ben_leaves6.jpg,NC Duke,Leaf characteristics and shape
805,Pe_ben_phen2.jpg,NC Duke,Months of flowering and fruiting by Latitude
806,Pe_ben_siloCB.jpg,Deirdre Bean,Silohuette of growth habit
807,Pe_ben_stembase2.jpg,NC Duke,Stembase characteristics
808,Pe_ben_tree1.JPG,NC Duke,Tree form
809,Pe_ben_zone1.jpg,Diana Kleine,Intertidal zone position
810,Pe_rhi_bark1.JPG,NC Duke,Bark characteristics
811,Pe_rhi_distrib3.jpg,NC Duke,Distribution in the world
812,Pe_rhi_estuar1.jpg,Diana Kleine,Estuarine occurrence
813,Pe_rhi_flower1.JPG,NC Duke,Flower features
814,Pe_rhi_flower2.JPG,NC Duke,Flower features
815,Pe_rhi_flower3.JPG,NC Duke,Flower features
816,Pe_rhi_fruit1.jpg,NC Duke,Fruit or propagule
817,Pe_rhi_fruit2.jpg,NC Duke,Fruit or propagule
818,Pe_rhi_leaves1.JPG,NC Duke,Leaf characteristics and shape
819,Pe_rhi_leaves2.JPG,NC Duke,Leaf characteristics and shape
820,Pe_rhi_phen2.jpg,NC Duke,Months of flowering and fruiting by Latitude
821,Pe_rhi_siloCB1.jpg,Deirdre Bean,Silohuette of growth habit
822,Pe_rhi_stembase1.jpg,NC Duke,Stembase characteristics
823,Pe_rhi_stembase2.jpg,NC Duke,Stembase characteristics
824,Pe_rhi_stembase3.jpg,NC Duke,Stembase characteristics
825,Pe_rhi_stembase4.jpg,NC Duke,Stembase characteristics
826,Pe_rhi_tree1.JPG,NC Duke,Tree form
827,Pe_rhi_tree2.JPG,NC Duke,Tree form
828,Pe_rhi_zone1.jpg,Diana Kleine,Intertidal zone position
829,Ph_pal_bark1.JPG,NC Duke,Bark characteristics
830,Ph_pal_distribW2.jpg,NC Duke,Distribution in the world
831,Ph_pal_fruit1w.jpg,NC Duke,Fruit or propagule
832,Ph_pal_leaves1.JPG,NC Duke,Leaf characteristics and shape
833,Ph_pal_leaves2.JPG,NC Duke,Leaf characteristics and shape
834,Ph_pal_siloBC.jpg,Deirdre Bean,Silohuette of growth habit
835,Ph_pal_stembase2.JPG,NC Duke,Stembase characteristics
836,Ph_pal_stembase3.JPG,NC Duke,Stembase characteristics
837,Ph_pal_tree2.JPG,NC Duke,Tree form
838,Ph_pal_tree4.JPG,NC Duke,Tree form
839,Pm_aci_bark1.jpg,NC Duke,Bark characteristics
840,Pm_aci_distribW2.jpg,NC Duke,Distribution in the world
841,Pm_aci_flower2.jpg,NC Duke,Flower features
842,Pm_aci_flower4.JPG,NC Duke,Flower features
843,Pm_aci_fruit2.jpg,NC Duke,Fruit or propagule
844,Pm_aci_leaves1.jpg,NC Duke,Leaf characteristics and shape
845,Pm_aci_phen1.jpg,NC Duke,Months of flowering and fruiting by Latitude
846,Pm_aci_siloB.jpg,Deirdre Bean,Silohuette of growth habit
847,Pm_aci_stembase1.jpg,NC Duke,Stembase characteristics
848,Pm_aci_tree1.jpg,NC Duke,Tree form
849,Pm_aci_tree6A.jpg,NC Duke,Tree form
850,Pm_aci_tree7B.jpg,NC Duke,Tree form
851,Pt_off_bark1.JPG,NC Duke,Bark characteristics
852,Pt_off_distribW2.jpg,NC Duke,Distribution in the world
853,Pt_off_flower1w.jpg,NC Duke,Flower features
854,Pt_off_flower2w.jpg,NC Duke,Flower features
855,Pt_off_fruit1w.jpg,NC Duke,Fruit or propagule
856,Pt_off_leaves2w.jpg,NC Duke,Leaf characteristics and shape
857,Pt_off_siloB.jpg,Deirdre Bean,Silohuette of growth habit
858,Pt_off_stembase1w.jpg,NC Duke,Stembase characteristics
859,Pt_off_stembase4.JPG,NC Duke,Stembase characteristics
860,Pt_off_tree2.JPG,NC Duke,Tree form
861,Pt_off_tree3.JPG,NC Duke,Tree form
862,Pt_off_tree6A.jpg,NC Duke,Tree form
863,Rh_ann_diag6B.jpg,NC Duke,Diagnostic feature
864,Rh_ann_diag26B.jpg,NC Duke,Diagnostic feature
865,Rh_ann_distribW2.jpg,NC Duke,Distribution in the world
866,Rh_ann_flower2.JPG,NC Duke,Flower features
867,Rh_ann_flower3.JPG,NC Duke,Flower features
868,Rh_ann_fruit1.JPG,NC Duke,Fruit or propagule
869,Rh_ann_leaves1.JPG,NC Duke,Leaf characteristics and shape
870,Rh_ann_leaves2.JPG,NC Duke,Leaf characteristics and shape
871,Rh_ann_phen2.jpg,NC Duke,Months of flowering and fruiting by Latitude
872,Rh_ann_siloB.jpg,Deirdre Bean,Silohuette of growth habit
873,Rh_ann_stembase1.JPG,NC Duke,Stembase characteristics
874,Rh_ann_tree1.JPG,NC Duke,Tree form
875,Rh_api_bark2.jpg,NC Duke,Bark characteristics
876,Rh_api_diag1.jpg,NC Duke,Diagnostic feature
877,Rh_api_diag17.JPG,NC Duke,Diagnostic feature
878,Rh_api_distrib2.jpg,NC Duke,Distribution in the world
879,Rh_api_flower1.JPG,NC Duke,Flower features
880,Rh_api_flower6.jpg,NC Duke,Flower features
881,Rh_api_fruit2.JPG,NC Duke,Fruit or propagule
882,Rh_api_leaves3.jpg,NC Duke,Leaf characteristics and shape
883,Rh_api_leaves4.JPG,NC Duke,Leaf characteristics and shape
884,Rh_api_leaves6.JPG,NC Duke,Leaf characteristics and shape
885,Rh_api_phen1.jpg,NC Duke,Months of flowering and fruiting by Latitude
886,Rh_api_siloB.jpg,Deirdre Bean,Silohuette of growth habit
887,Rh_api_stembase3.jpg,NC Duke,Stembase characteristics
888,Rh_api_tree5.JPG,NC Duke,Tree form
889,Rh_bre_diag6A.jpg,NC Duke,Diagnostic feature
890,Rh_bre_diag6C.jpg,NC Duke,Diagnostic feature
891,Rh_bre_distribW2.jpg,NC Duke,Distribution in the world
892,Rh_bre_flower1.JPG,NC Duke,Flower features
893,Rh_bre_flower3.JPG,NC Duke,Flower features
894,Rh_bre_flower6A.jpg,NC Duke,Flower features
895,Rh_bre_flower7A.jpg,NC Duke,Flower features
896,Rh_bre_leaves1.JPG,NC Duke,Leaf characteristics and shape
897,Rh_bre_phen2.jpg,NC Duke,Months of flowering and fruiting by Latitude
898,Rh_bre_siloB.jpg,Deirdre Bean,Silohuette of growth habit
899,Rh_har_diag6A.jpg,NC Duke,Diagnostic feature
900,Rh_har_diag7A.jpg,NC Duke,Diagnostic feature
901,Rh_har_distribW2.jpg,NC Duke,Distribution in the world
902,Rh_har_flower1.JPG,NC Duke,Flower features
903,Rh_har_flower2.jpg,NC Duke,Flower features
904,Rh_har_flower6A.jpg,NC Duke,Flower features
905,Rh_har_fruit6B.jpg,NC Duke,Fruit or propagule
906,Rh_har_leaves1.JPG,NC Duke,Leaf characteristics and shape
907,Rh_har_leaves2.JPG,NC Duke,Leaf characteristics and shape
908,Rh_har_phen2.jpg,NC Duke,Months of flowering and fruiting by Latitude
909,Rh_har_siloB.jpg,Deirdre Bean,Silohuette of growth habit
910,Rh_har_tree1.JPG,NC Duke,Tree form
911,Rh_har_tree6A.jpg,NC Duke,Tree form
912,Rh_lam_bark2.jpg,NC Duke,Bark characteristics
913,Rh_lam_diag1.JPG,NC Duke,Diagnostic feature
914,Rh_lam_diag11.JPG,NC Duke,Diagnostic feature
915,Rh_lam_distribW2.jpg,NC Duke,Distribution in the world
916,Rh_lam_flower1.jpg,NC Duke,Flower features
917,Rh_lam_flower2.JPG,NC Duke,Flower features
918,Rh_lam_flower3.JPG,NC Duke,Flower features
919,Rh_lam_flower21.jpg,NC Duke,Flower features
920,Rh_lam_leaves4.JPG,NC Duke,Leaf characteristics and shape
921,Rh_lam_leaves7.JPG,NC Duke,Leaf characteristics and shape
922,Rh_lam_leaves11.jpg,NC Duke,Leaf characteristics and shape
923,Rh_lam_phen1.jpg,NC Duke,Months of flowering and fruiting by Latitude
924,Rh_lam_siloB.jpg,Deirdre Bean,Silohuette of growth habit
925,Rh_lam_tree1.JPG,NC Duke,Tree form
926,Rh_man_bark5.JPG,NC Duke,Bark characteristics
927,Rh_man_diag6.JPG,NC Duke,Diagnostic feature
928,Rh_man_diag24.JPG,NC Duke,Diagnostic feature
929,Rh_man_distribW2.jpg,NC Duke,Distribution in the world
930,Rh_man_flower4.JPG,NC Duke,Flower features
931,Rh_man_flower6A.jpg,NC Duke,Flower features
932,Rh_man_flower10.JPG,NC Duke,Flower features
933,Rh_man_fruit3.JPG,NC Duke,Fruit or propagule
934,Rh_man_fruit5.JPG,NC Duke,Fruit or propagule
935,Rh_man_leaves11.JPG,NC Duke,Leaf characteristics and shape
936,Rh_man_phen2.jpg,NC Duke,Months of flowering and fruiting by Latitude
937,Rh_man_siloB.jpg,Deirdre Bean,Silohuette of growth habit
938,Rh_man_stembase2.JPG,NC Duke,Stembase characteristics
939,Rh_man_tree6.JPG,NC Duke,Tree form
940,Rh_muc_bark1.JPG,NC Duke,Bark characteristics
941,Rh_muc_diag3.jpg,NC Duke,Diagnostic feature
942,Rh_muc_diag6B.jpg,NC Duke,Diagnostic feature
943,Rh_muc_distribW2.jpg,NC Duke,Distribution in the world
944,Rh_muc_flower2.JPG,NC Duke,Flower features
945,Rh_muc_flower6.jpg,NC Duke,Flower features
946,Rh_muc_flower8.jpg,NC Duke,Flower features
947,Rh_muc_fruit2.JPG,NC Duke,Fruit or propagule
948,Rh_muc_fruit6A.jpg,NC Duke,Fruit or propagule
949,Rh_muc_leaves1.JPG,NC Duke,Leaf characteristics and shape
950,Rh_muc_phen1.jpg,NC Duke,Months of flowering and fruiting by Latitude
951,Rh_muc_siloB.jpg,Deirdre Bean,Silohuette of growth habit
952,Rh_muc_stembase2.jpg,NC Duke,Stembase characteristics
953,Rh_muc_tree4.jpg,NC Duke,Tree form
954,Rh_muc_tree5.JPG,NC Duke,Tree form
955,Rh_neo_bark1.JPG,NC Duke,Bark characteristics
956,Rh_neo_diag6A.jpg,NC Duke,Diagnostic feature
957,Rh_neo_diag13.JPG,NC Duke,Diagnostic feature
958,Rh_neo_distribW1.jpg,NC Duke,Distribution in the world
959,Rh_neo_flower1.JPG,NC Duke,Flower features
960,Rh_neo_leaves1.JPG,NC Duke,Leaf characteristics and shape
961,Rh_neo_leaves2.JPG,NC Duke,Leaf characteristics and shape
962,Rh_neo_siloCB.jpg,Deirdre Bean,Silohuette of growth habit
963,Rh_neo_tree1.JPG,NC Duke,Tree form
964,Rh_neo_tree2.JPG,NC Duke,Tree form
965,Rh_rac_bark3.JPG,NC Duke,Bark characteristics
966,Rh_rac_diag6A.jpg,NC Duke,Diagnostic feature
967,Rh_rac_diag16A.jpg,NC Duke,Diagnostic feature
968,Rh_rac_distribW2.jpg,NC Duke,Distribution in the world
969,Rh_rac_flower1.JPG,NC Duke,Flower features
970,Rh_rac_flower2.JPG,NC Duke,Flower features
971,Rh_rac_flower6B.jpg,NC Duke,Flower features
972,Rh_rac_flower7B.jpg,NC Duke,Flower features
973,Rh_rac_flower10.jpg,NC Duke,Flower features
974,Rh_rac_fruit2.jpg,NC Duke,Fruit or propagule
975,Rh_rac_fruit6B.jpg,NC Duke,Fruit or propagule
976,Rh_rac_leaves2.JPG,NC Duke,Leaf characteristics and shape
977,Rh_rac_phen2.jpg,NC Duke,Months of flowering and fruiting by Latitude
978,Rh_rac_siloB.jpg,Deirdre Bean,Silohuette of growth habit
979,Rh_rac_stembase1.JPG,NC Duke,Stembase characteristics
980,Rh_rac_tree2.jpg,NC Duke,Tree form
981,Rh_rac_tree6B.jpg,NC Duke,Tree form
982,Rh_sam_diag1.JPG,NC Duke,Diagnostic feature
983,Rh_sam_diag3.JPG,NC Duke,Diagnostic feature
984,Rh_sam_distribW2.jpg,NC Duke,Distribution in the world
985,Rh_sam_flower6.JPG,NC Duke,Flower features
986,Rh_sam_flower8.JPG,NC Duke,Flower features
987,Rh_sam_fruit2.JPG,NC Duke,Fruit or propagule
988,Rh_sam_leaves7.JPG,NC Duke,Leaf characteristics and shape
989,Rh_sam_phen2.jpg,NC Duke,Months of flowering and fruiting by Latitude
990,Rh_sam_siloB.jpg,Deirdre Bean,Silohuette of growth habit
991,Rh_sam_tree4.JPG,NC Duke,Tree form
992,Rh_sam_tree5.JPG,NC Duke,Tree form
993,Rh_sel_bark1.JPG,NC Duke,Bark characteristics
994,Rh_sel_diag3.JPG,NC Duke,Diagnostic feature
995,Rh_sel_diag13.JPG,NC Duke,Diagnostic feature
996,Rh_sel_distribW2.jpg,NC Duke,Distribution in the world
997,Rh_sel_flower4.JPG,NC Duke,Flower features
998,Rh_sel_flower7.JPG,NC Duke,Flower features
999,Rh_sel_flower10.JPG,NC Duke,Flower features
1000,Rh_sel_leaves10.JPG,NC Duke,Leaf characteristics and shape
1001,Rh_sel_phen2.jpg,NC Duke,Months of flowering and fruiting by Latitude
1002,Rh_sel_siloB.jpg,Deirdre Bean,Silohuette of growth habit
1003,Rh_sel_stembase1.JPG,NC Duke,Stembase characteristics
1004,Rh_sel_tree2.JPG,NC Duke,Tree form
1005,Rh_sty_bark1.jpg,NC Duke,Bark characteristics
1006,Rh_sty_diag3.JPG,NC Duke,Diagnostic feature
1007,Rh_sty_diag8.jpg,NC Duke,Diagnostic feature
1008,Rh_sty_distribW2.jpg,NC Duke,Distribution in the world
1009,Rh_sty_flower2.jpg,NC Duke,Flower features
1010,Rh_sty_flower14.JPG,NC Duke,Flower features
1011,Rh_sty_fruit3.jpg,NC Duke,Fruit or propagule
1012,Rh_sty_leaves1.JPG,NC Duke,Leaf characteristics and shape
1013,Rh_sty_leaves10.JPG,NC Duke,Leaf characteristics and shape
1014,Rh_sty_leaves11.jpg,NC Duke,Leaf characteristics and shape
1015,Rh_sty_phen1.jpg,NC Duke,Months of flowering and fruiting by Latitude
1016,Rh_sty_siloB.jpg,Deirdre Bean,Silohuette of growth habit
1017,Rh_sty_stembase2.JPG,NC Duke,Stembase characteristics
1018,Rh_sty_tree4.jpg,NC Duke,Tree form
1019,Rh_tom_bark1.JPG,NC Duke,Bark characteristics
1020,Rh_tom_diag1.JPG,NC Duke,Diagnostic feature
1021,Rh_tom_diag8.JPG,NC Duke,Diagnostic feature
1022,Rh_tom_distribW2.jpg,NC Duke,Distribution in the world
1023,Rh_tom_flower5.JPG,NC Duke,Flower features
1024,Rh_tom_flower6.JPG,NC Duke,Flower features
1025,Rh_tom_leaves4.JPG,NC Duke,Leaf characteristics and shape
1026,Rh_tom_leaves5.JPG,NC Duke,Leaf characteristics and shape
1027,Rh_tom_phen2.jpg,NC Duke,Months of flowering and fruiting by Latitude
1028,Rh_tom_siloB.jpg,Deirdre Bean,Silohuette of growth habit
1029,Rh_tom_tree2.JPG,NC Duke,Tree form
1030,Sc_hyd_bark3.jpg,NC Duke,Bark characteristics
1031,Sc_hyd_diag1.JPG,NC Duke,Diagnostic feature
1032,Sc_hyd_distribW2.jpg,NC Duke,Distribution in the world
1033,Sc_hyd_flower1.JPG,NC Duke,Flower features
1034,Sc_hyd_flower2.JPG,NC Duke,Flower features
1035,Sc_hyd_fruit1.JPG,NC Duke,Fruit or propagule
1036,Sc_hyd_fruit2.JPG,NC Duke,Fruit or propagule
1037,Sc_hyd_leaves2.JPG,NC Duke,Leaf characteristics and shape
1038,Sc_hyd_phen1.jpg,NC Duke,Months of flowering and fruiting by Latitude
1039,Sc_hyd_siloB.jpg,Deirdre Bean,Silohuette of growth habit
1040,Sc_hyd_stembase2.JPG,NC Duke,Stembase characteristics
1041,Sc_hyd_tree2.jpg,NC Duke,Tree form
1042,Sh_ter_bark1.jpg,NC Duke,Bark characteristics
1043,Sh_ter_distribW1.jpg,NC Duke,Distribution in the world
1044,Sh_ter_flowers2.jpg,NC Duke,Flower features
1045,Sh_ter_fruits1.jpg,NC Duke,Fruit or propagule
1046,Sh_ter_fruits2.jpg,NC Duke,Fruit or propagule
1047,Sh_ter_leaves2.jpg,NC Duke,Leaf characteristics and shape
1048,Sh_ter_leaves3.jpg,NC Duke,Leaf characteristics and shape
1049,Sh_ter_phen1.jpg,NC Duke,Months of flowering and fruiting by Latitude
1050,Sh_ter_siloCB.jpg,Deirdre Bean,Silohuette of growth habit
1051,Sh_ter_stembase1.jpg,NC Duke,Stembase characteristics
1052,Sh_ter_tree1.jpg,NC Duke,Tree form
1053,Sh_ter_tree11.jpg,NC Duke,Tree form
1054,So_alb_bark1.JPG,NC Duke,Bark characteristics
1055,So_alb_diag1.JPG,NC Duke,Diagnostic feature
1056,So_alb_distribW2.jpg,NC Duke,Distribution in the world
1057,So_alb_flower3.JPG,NC Duke,Flower features
1058,So_alb_flower5.jpg,NC Duke,Flower features
1059,So_alb_fruit4.jpg,NC Duke,Fruit or propagule
1060,So_alb_fruit6.jpg,NC Duke,Fruit or propagule
1061,So_alb_fruit8.jpg,NC Duke,Fruit or propagule
1062,So_alb_leaves3.jpg,NC Duke,Leaf characteristics and shape
1063,So_alb_phen1.jpg,NC Duke,Months of flowering and fruiting by Latitude
1064,So_alb_siloB.jpg,Deirdre Bean,Silohuette of growth habit
1065,So_alb_stembase3.jpg,NC Duke,Stembase characteristics
1066,So_alb_tree3.jpg,NC Duke,Tree form
1067,So_ape_bark1.jpg,NC Duke,Bark characteristics
1068,So_ape_distribW2.jpg,NC Duke,Distribution in the world
1069,So_ape_flower3.jpg,NC Duke,Flower features
1070,So_ape_flower4.jpg,NC Duke,Flower features
1071,So_ape_flower5.jpg,NC Duke,Flower features
1072,So_ape_fruit1.jpg,NC Duke,Fruit or propagule
1073,So_ape_leaves1.jpg,NC Duke,Leaf characteristics and shape
1074,So_ape_phen2.jpg,NC Duke,Months of flowering and fruiting by Latitude
1075,So_ape_siloB.jpg,Deirdre Bean,Silohuette of growth habit
1076,So_ape_stembase1.jpg,NC Duke,Stembase characteristics
1077,So_ape_tree1.jpg,NC Duke,Tree form
1078,So_cas_bark1.JPG,NC Duke,Bark characteristics
1079,So_cas_distribW2.jpg,NC Duke,Distribution in the world
1080,So_cas_flower1.jpg,NC Duke,Flower features
1081,So_cas_flower6.jpg,NC Duke,Flower features
1082,So_cas_fruit1.JPG,NC Duke,Fruit or propagule
1083,So_cas_fruit3.jpg,NC Duke,Fruit or propagule
1084,So_cas_leaves3.jpg,NC Duke,Leaf characteristics and shape
1085,So_cas_phen1.jpg,NC Duke,Months of flowering and fruiting by Latitude
1086,So_cas_siloB.jpg,Deirdre Bean,Silohuette of growth habit
1087,So_cas_stembase4.jpg,NC Duke,Stembase characteristics
1088,So_cas_tree6.jpg,NC Duke,Tree form
1089,So_gri_bark1.JPG,NC Duke,Bark characteristics
1090,So_gri_distribW2.jpg,NC Duke,Distribution in the world
1091,So_gri_flower1.JPG,NC Duke,Flower features
1092,So_gri_flower3.JPG,NC Duke,Flower features
1093,So_gri_flower4.JPG,NC Duke,Flower features
1094,So_gri_fruit1.JPG,NC Duke,Fruit or propagule
1095,So_gri_leaves2.JPG,NC Duke,Leaf characteristics and shape
1096,So_gri_phen2.jpg,NC Duke,Months of flowering and fruiting by Latitude
1097,So_gri_siloB.jpg,Deirdre Bean,Silohuette of growth habit
1098,So_gri_stembase1.JPG,NC Duke,Stembase characteristics
1099,So_gri_stembase2.JPG,NC Duke,Stembase characteristics
1100,So_gri_stembase3.JPG,NC Duke,Stembase characteristics
1101,So_gri_tree1.JPG,NC Duke,Tree form
1102,So_gul_bark1.jpg,NC Duke,Bark characteristics
1103,So_gul_distribW2.jpg,NC Duke,Distribution in the world
1104,So_gul_flower2.jpg,NC Duke,Flower features
1105,So_gul_flower7.jpg,NC Duke,Flower features
1106,So_gul_fruit2.jpg,NC Duke,Fruit or propagule
1107,So_gul_fruit4.jpg,NC Duke,Fruit or propagule
1108,So_gul_leaves1.JPG,NC Duke,Leaf characteristics and shape
1109,So_gul_phen1.jpg,NC Duke,Months of flowering and fruiting by Latitude
1110,So_gul_siloB.jpg,Deirdre Bean,Silohuette of growth habit
1111,So_gul_tree2.jpg,NC Duke,Tree form
1112,So_gul_tree6B.jpg,NC Duke,Tree form
1113,So_hai_distribW2.jpg,NC Duke,Distribution in the world
1114,So_hai_estuar1.jpg,Diana Kleine,Estuarine occurrence
1115,So_hai_flower1b.jpg,NC Duke,Flower features
1116,So_hai_flower2b.jpg,NC Duke,Flower features
1117,So_hai_flower4.JPG,NC Duke,Flower features
1118,So_hai_fruit1b.jpg,NC Duke,Fruit or propagule
1119,So_hai_leaves1b.jpg,book,Leaf characteristics and shape
1120,So_hai_phen2.jpg,NC Duke,Months of flowering and fruiting by Latitude
1121,So_hai_siloB.jpg,Deirdre Bean,Silohuette of growth habit
1122,So_hai_tree1.JPG,NC Duke,Tree form
1123,So_hai_tree2.JPG,NC Duke,Tree form
1124,So_hai_tree11.JPG,NC Duke,Tree form
1125,So_hai_zone1.jpg,Diana Kleine,Intertidal zone position
1126,So_lan_bark1.jpg,NC Duke,Bark characteristics
1127,So_lan_distribW2.jpg,NC Duke,Distribution in the world
1128,So_lan_flower2.jpg,NC Duke,Flower features
1129,So_lan_fruit1.JPG,NC Duke,Fruit or propagule
1130,So_lan_fruit2.jpg,NC Duke,Fruit or propagule
1131,So_lan_leaves2.jpg,NC Duke,Leaf characteristics and shape
1132,So_lan_leaves3.jpg,NC Duke,Leaf characteristics and shape
1133,So_lan_leaves6B.jpg,NC Duke,Leaf characteristics and shape
1134,So_lan_phen1.jpg,NC Duke,Months of flowering and fruiting by Latitude
1135,So_lan_siloB.jpg,Deirdre Bean,Silohuette of growth habit
1136,So_lan_tree1.jpg,NC Duke,Tree form
1137,So_ova_diag5.JPG,NC Duke,Diagnostic feature
1138,So_ova_distribW2.jpg,NC Duke,Distribution in the world
1139,So_ova_flower2.JPG,NC Duke,Flower features
1140,So_ova_flower6.JPG,NC Duke,Flower features
1141,So_ova_flower8.JPG,NC Duke,Flower features
1142,So_ova_fruit2.JPG,NC Duke,Fruit or propagule
1143,So_ova_fruit5.JPG,NC Duke,Fruit or propagule
1144,So_ova_leaves4.JPG,NC Duke,Leaf characteristics and shape
1145,So_ova_phen1.jpg,NC Duke,Months of flowering and fruiting by Latitude
1146,So_ova_siloB.jpg,Deirdre Bean,Silohuette of growth habit
1147,So_ova_stembase1.JPG,NC Duke,Stembase characteristics
1148,So_ova_stembase3.JPG,NC Duke,Stembase characteristics
1149,So_ova_tree2.JPG,NC Duke,Tree form
1150,So_ura_bark1.jpg,NC Duke,Bark characteristics
1151,So_ura_distribW2.jpg,NC Duke,Distribution in the world
1152,So_ura_flower3.jpg,NC Duke,Flower features
1153,So_ura_flower4.jpg,NC Duke,Flower features
1154,So_ura_fruit1.jpg,NC Duke,Fruit or propagule
1155,So_ura_fruit2B.jpg,NC Duke,Fruit or propagule
1156,So_ura_leaves1.jpg,NC Duke,Leaf characteristics and shape
1157,So_ura_phen2.jpg,NC Duke,Months of flowering and fruiting by Latitude
1158,So_ura_siloB.jpg,Deirdre Bean,Silohuette of growth habit
1159,So_ura_stembase1.jpg,NC Duke,Stembase characteristics
1160,So_ura_tree1.jpg,NC Duke,Tree form
1161,Ta_pal_distribW2.jpg,NC Duke,Distribution in the world
1162,Ta_pal_flower1.jpg,NC Duke,Flower features
1163,Ta_pal_flower2.jpg,NC Duke,Flower features
1164,Ta_pal_fruit2w.jpg,NC Duke,Fruit or propagule
1165,Ta_pal_fruit3w.jpg,NC Duke,Fruit or propagule
1166,Ta_pal_leaves2w.jpg,NC Duke,Leaf characteristics and shape
1167,Ta_pal_siloCB.jpg,Deirdre Bean,Silohuette of growth habit
1168,Ta_pal_tree1.jpg,NC Duke,Tree form
1169,Ta_pal_tree1w.jpg,NC Duke,Tree form
1170,Th_pop_bark1.JPG,NC Duke,Bark characteristics
1171,Th_pop_distribW2.jpg,NC Duke,Distribution in the world
1172,Th_pop_flower1.JPG,NC Duke,Flower features
1173,Th_pop_fruit2.JPG,NC Duke,Fruit or propagule
1174,Th_pop_fruit3.JPG,NC Duke,Fruit or propagule
1175,Th_pop_leaves1.JPG,NC Duke,Leaf characteristics and shape
1176,Th_pop_leaves4.JPG,NC Duke,Leaf characteristics and shape
1177,Th_pop_siloB.jpg,Deirdre Bean,Silohuette of growth habit
1178,Th_pop_tree2.JPG,NC Duke,Tree form
1179,Xy_gra_bark3.jpg,NC Duke,Bark characteristics
1180,Xy_gra_distribW2.jpg,NC Duke,Distribution in the world
1181,Xy_gra_flower3.jpg,NC Duke,Flower features
1182,Xy_gra_flower4.jpg,NC Duke,Flower features
1183,Xy_gra_fruit4.jpg,NC Duke,Fruit or propagule
1184,Xy_gra_fruit6B.jpg,NC Duke,Fruit or propagule
1185,Xy_gra_leaves2.JPG,NC Duke,Leaf characteristics and shape
1186,Xy_gra_phen1.jpg,NC Duke,Months of flowering and fruiting by Latitude
1187,Xy_gra_siloCB.jpg,Deirdre Bean,Silohuette of growth habit
1188,Xy_gra_stembase3.jpg,NC Duke,Stembase characteristics
1189,Xy_gra_tree1.JPG,NC Duke,Tree form
1190,Xy_mol_bark3.jpg,NC Duke,Bark characteristics
1191,Xy_mol_diag1.jpg,NC Duke,Diagnostic feature
1192,Xy_mol_distribW2.jpg,NC Duke,Distribution in the world
1193,Xy_mol_flower1.jpg,NC Duke,Flower features
1194,Xy_mol_fruit4.jpg,NC Duke,Fruit or propagule
1195,Xy_mol_fruit5.jpg,NC Duke,Fruit or propagule
1196,Xy_mol_leaves1.jpg,NC Duke,Leaf characteristics and shape
1197,Xy_mol_leaves2.jpg,NC Duke,Leaf characteristics and shape
1198,Xy_mol_leaves4.jpg,NC Duke,Leaf characteristics and shape
1199,Xy_mol_phen1.jpg,NC Duke,Months of flowering and fruiting by Latitude
1200,Xy_mol_siloCB.jpg,Deirdre Bean,Silohuette of growth habit
1201,Xy_mol_stembase4.jpg,NC Duke,Stembase characteristics
1202,Xy_mol_tree4.jpg,NC Duke,Tree form
1203,Xy_mol_tree6B.jpg,NC Duke,Tree form
1204,Xy_rum_bark2.jpg,NC Duke,Bark characteristics
1205,Xy_rum_distribW2B.jpg,NC Duke,Distribution in the world
1206,Xy_rum_flower6B.jpg,NC Duke,Flower features
1207,Xy_rum_fruit1.jpg,NC Duke,Fruit or propagule
1208,Xy_rum_fruit2.jpg,NC Duke,Fruit or propagule
1209,Xy_rum_leaves2.jpg,NC Duke,Leaf characteristics and shape
1210,Xy_rum_phen2.jpg,NC Duke,Months of flowering and fruiting by Latitude
1211,Xy_rum_siloB.jpg,Deirdre Bean,Silohuette of growth habit
1212,Xy_rum_stembase3.jpg,NC Duke,Stembase characteristics
1213,Xy_rum_tree1.jpg,NC Duke,Tree form
1214,Xy_rum_tree2.jpg,NC Duke,Tree form
1215,Xy_rum_tree3.jpg,NC Duke,Tree form
1216,Za_roe_distribW2.jpg,NC Duke,Distribution in the world
1217,Za_roe_flower1w.jpg,NC Duke,Flower features
1218,Za_roe_fruit1w.jpg,NC Duke,Fruit or propagule
1219,Za_roe_fruit3w.jpg,NC Duke,Fruit or propagule
1220,Za_roe_leaves1w.jpg,NC Duke,Leaf characteristics and shape
1221,Za_roe_leaves3w.jpg,NC Duke,Leaf characteristics and shape
1222,Za_roe_leaves5w.jpg,NC Duke,Leaf characteristics and shape
1223,Za_roe_leaves6w.jpg,NC Duke,Leaf characteristics and shape
1224,Za_roe_siloB.jpg,Deirdre Bean,Silohuette of growth habit
1225,Za_roe_tree1w.jpg,NC Duke,Tree form
1226,Za_roe_tree4w.jpg,NC Duke,Tree form